datetime,ret
2012-01-04,1.0
2012-01-05,1.0
2012-01-06,1.0
2012-01-09,1.0
2012-01-10,1.0
2012-01-11,1.0
2012-01-12,1.0
2012-01-13,1.0
2012-01-16,1.0
2012-01-17,1.0
2012-01-18,1.0
2012-01-19,1.0
2012-01-20,1.0
2012-01-30,1.0
2012-01-31,1.0
2012-02-01,1.0
2012-02-02,0.9898836839299998
2012-02-03,1.0077178139299998
2012-02-06,1.0172467939299998
2012-02-07,1.0175194539299999
2012-02-08,1.00034273393
2012-02-09,1.02948808393
2012-02-10,1.0301876539300001
2012-02-13,1.03589393393
2012-02-14,1.04196069393
2012-02-15,1.03934170393
2012-02-16,1.0525109739299998
2012-02-17,1.0481041639299997
2012-02-20,1.0466213839299998
2012-02-21,1.0474669639299998
2012-02-22,1.0581183339299998
2012-02-23,1.07555358393
2012-02-24,1.0790350839299998
2012-02-27,1.0954670639299997
2012-02-28,1.1022183039299998
2012-02-29,1.1037028739299997
2012-03-01,1.0931308739299996
2012-03-02,1.0926687017099994
2012-03-05,1.1145159217099994
2012-03-06,1.1122355817099994
2012-03-07,1.0939076717099994
2012-03-08,1.0847160817099994
2012-03-09,1.1032010517099993
2012-03-12,1.1168499217099992
2012-03-13,1.116868981709999
2012-03-14,1.125584931709999
2012-03-15,1.084803981709999
2012-03-16,1.071342961709999
2012-03-19,1.092549111709999
2012-03-20,1.1014666117099992
2012-03-21,1.0825975317099992
2012-03-22,1.089226141709999
2012-03-23,1.0822183717099991
2012-03-26,1.063365381709999
2012-03-27,1.0610293517099991
2012-03-28,1.0609699617099992
2012-03-29,1.0230618417099993
2012-03-30,1.0034529517099993
2012-04-05,1.0051971017099992
2012-04-06,1.027211082679999
2012-04-09,1.033674882679999
2012-04-10,1.021556882679999
2012-04-11,1.030599452679999
2012-04-12,1.031027722679999
2012-04-13,1.0517323826799991
2012-04-16,1.0579845526799991
2012-04-17,1.0569424426799992
2012-04-18,1.044750892679999
2012-04-19,1.068495232679999
2012-04-20,1.0676194526799991
2012-04-23,1.081117742679999
2012-04-24,1.0742924526799988
2012-04-25,1.0690141426799988
2012-04-26,1.0808023826799988
2012-04-27,1.0819603226799988
2012-05-02,1.0759397926799987
2012-05-03,1.0936155765999986
2012-05-04,1.0997673865999986
2012-05-07,1.1048318965999986
2012-05-08,1.1139771965999987
2012-05-09,1.1115980365999987
2012-05-10,1.0890113165999986
2012-05-11,1.0900515065999987
2012-05-14,1.0830877365999987
2012-05-15,1.0766415165999987
2012-05-16,1.0732587765999988
2012-05-17,1.0596814765999987
2012-05-18,1.0744964965999986
2012-05-21,1.0607257765999987
2012-05-22,1.0662308165999985
2012-05-23,1.0818927965999985
2012-05-24,1.0795276665999984
2012-05-25,1.0736154965999984
2012-05-28,1.0636727465999984
2012-05-29,1.0828619165999984
2012-05-30,1.1016665965999983
2012-05-31,1.1004943265999982
2012-06-01,1.0996781065999983
2012-06-04,1.0949031255699984
2012-06-05,1.0630086755699983
2012-06-06,1.0641451455699984
2012-06-07,1.0633167455699983
2012-06-08,1.0566038655699983
2012-06-11,1.0520105455699982
2012-06-12,1.0688860455699982
2012-06-13,1.0625660455699983
2012-06-14,1.0763651355699984
2012-06-15,1.0721666755699983
2012-06-18,1.0732386555699984
2012-06-19,1.0775236255699983
2012-06-20,1.0697204555699982
2012-06-21,1.066186775569998
2012-06-25,1.049873075569998
2012-06-26,1.027477875569998
2012-06-27,1.029197635569998
2012-06-28,1.0261197155699981
2012-06-29,1.0168273755699981
2012-07-02,1.0320789655699982
2012-07-03,1.0361850079899984
2012-07-04,1.0359265879899984
2012-07-05,1.0357278679899984
2012-07-06,1.0154491979899984
2012-07-09,1.0364845879899984
2012-07-10,1.0085145079899984
2012-07-11,0.9990907979899984
2012-07-12,1.0111028279899985
2012-07-13,1.0256132379899985
2012-07-16,1.0224798979899985
2012-07-17,0.9947982779899985
2012-07-18,0.9981300579899984
2012-07-19,1.0056657179899984
2012-07-20,1.0124890479899984
2012-07-23,1.0064775179899985
2012-07-24,0.9946291879899986
2012-07-25,1.0010584679899985
2012-07-26,0.9910833779899985
2012-07-27,0.9846436679899985
2012-07-30,0.9834547579899985
2012-07-31,0.9743235179899985
2012-08-01,0.9646000979899986
2012-08-02,0.9780066641299984
2012-08-03,0.9693435141299984
2012-08-06,0.9818320741299983
2012-08-07,0.9963578141299981
2012-08-08,1.000718724129998
2012-08-09,0.999724204129998
2012-08-10,1.011557294129998
2012-08-13,1.005267604129998
2012-08-14,0.982972684129998
2012-08-15,0.989130194129998
2012-08-16,0.9813969141299981
2012-08-17,0.9758572341299981
2012-08-20,0.9728143041299981
2012-08-21,0.9684686841299982
2012-08-22,0.9767976041299983
2012-08-23,0.9652199441299983
2012-08-24,0.9677964341299983
2012-08-27,0.9515595141299983
2012-08-28,0.9276011641299983
2012-08-29,0.9312165341299983
2012-08-30,0.9214535841299983
2012-08-31,0.9160058041299983
2012-09-03,0.9140862141299984
2012-09-04,0.9255921445399987
2012-09-05,0.9151607245399986
2012-09-06,0.9162519145399987
2012-09-07,0.9266239745399987
2012-09-10,0.9687229045399987
2012-09-11,0.9759096945399988
2012-09-12,0.9724131045399987
2012-09-13,0.9768858445399988
2012-09-14,0.9666462045399988
2012-09-17,0.9684473345399988
2012-09-18,0.9439688845399988
2012-09-19,0.9345929345399989
2012-09-20,0.9421471845399988
2012-09-21,0.9220863045399987
2012-09-24,0.9203338345399987
2012-09-25,0.9288847545399987
2012-09-26,0.9254822945399988
2012-09-27,0.9125421145399988
2012-09-28,0.9359878145399989
2012-10-08,0.9520192845399988
2012-10-09,0.9410243148399987
2012-10-10,0.9661361448399987
2012-10-11,0.9743178148399986
2012-10-12,0.9630630348399986
2012-10-15,0.9640264548399986
2012-10-16,0.9567425248399987
2012-10-17,0.9559166648399987
2012-10-18,0.9585657148399988
2012-10-19,0.9749325948399987
2012-10-22,0.9728934648399987
2012-10-23,0.9765951948399987
2012-10-24,0.9654288348399986
2012-10-25,0.9651745648399986
2012-10-26,0.9523796648399986
2012-10-29,0.9314975048399986
2012-10-30,0.9265335748399985
2012-10-31,0.9258401948399985
2012-11-01,0.9288902848399986
2012-11-02,0.9443544086299983
2012-11-05,0.9475579986299982
2012-11-06,0.9466647486299982
2012-11-07,0.9405510486299982
2012-11-08,0.9395190586299982
2012-11-09,0.9201270486299983
2012-11-12,0.9172031586299982
2012-11-13,0.9238102586299983
2012-11-14,0.9055563086299984
2012-11-15,0.9095813786299984
2012-11-16,0.8945904386299984
2012-11-19,0.8907625986299984
2012-11-20,0.8896715086299984
2012-11-21,0.8881935386299984
2012-11-22,0.8994253186299984
2012-11-23,0.8901079886299984
2012-11-26,0.8938384786299984
2012-11-27,0.8842216886299984
2012-11-28,0.8669347086299983
2012-11-29,0.8537641986299984
2012-11-30,0.8475618486299985
2012-12-03,0.8573923486299985
2012-12-04,0.8429484505599988
2012-12-05,0.8518960605599989
2012-12-06,0.8821424605599988
2012-12-07,0.8786970405599989
2012-12-10,0.8954419505599989
2012-12-11,0.9081448105599988
2012-12-12,0.9043319205599988
2012-12-13,0.9047912505599989
2012-12-14,0.8945755705599989
2012-12-17,0.9363383805599989
2012-12-18,0.9394513805599988
2012-12-19,0.9356676805599988
2012-12-20,0.9357381705599989
2012-12-21,0.942119270559999
2012-12-24,0.941412200559999
2012-12-25,0.944255570559999
2012-12-26,0.9691019705599989
2012-12-27,0.9767543805599989
2012-12-28,0.9700723305599989
2012-12-31,0.9829093005599989
2013-01-04,0.9958767705599989
2013-01-07,0.995962978299999
2013-01-08,0.9956172182999989
2013-01-09,0.9953574782999989
2013-01-10,1.0013500582999988
2013-01-11,1.0065286082999987
2013-01-14,0.9859348782999987
2013-01-15,1.0214789682999987
2013-01-16,1.0356016982999987
2013-01-17,1.0297621382999986
2013-01-18,1.0176759482999986
2013-01-21,1.0333405082999987
2013-01-22,1.0352880782999987
2013-01-23,1.0240167782999987
2013-01-24,1.0240515682999989
2013-01-25,1.0034903782999989
2013-01-28,1.0001925282999988
2013-01-29,1.024510268299999
2013-01-30,1.0301124382999989
2013-01-31,1.035063218299999
2013-02-01,1.0358880982999992
2013-02-04,1.0481248425899994
2013-02-05,1.0523139925899994
2013-02-06,1.0623545825899994
2013-02-07,1.0633741325899992
2013-02-08,1.0697466525899992
2013-02-18,1.0829369625899992
2013-02-19,1.076202212589999
2013-02-20,1.052667932589999
2013-02-21,1.063292182589999
2013-02-22,1.0333778325899992
2013-02-25,1.0278133725899992
2013-02-26,1.0315096025899992
2013-02-27,1.0170724225899992
2013-02-28,1.0220640825899991
2013-03-01,1.0421053625899992
2013-03-04,1.0393313660299994
2013-03-05,0.9985203860299995
2013-03-06,1.0184520960299994
2013-03-07,1.0302696060299994
2013-03-08,1.0258268260299994
2013-03-11,1.0191121360299995
2013-03-12,1.0141831860299995
2013-03-13,0.9987910660299996
2013-03-14,0.9901463160299996
2013-03-15,0.9883105560299995
2013-03-18,0.9913495960299996
2013-03-19,0.9751954760299997
2013-03-20,0.9837338660299996
2013-03-21,1.0080677460299996
2013-03-22,1.0123437860299997
2013-03-25,1.0133595060299996
2013-03-26,1.0116346760299995
2013-03-27,1.0001706560299994
2013-03-28,1.0017029860299995
2013-03-29,0.9761145360299995
2013-04-01,0.9706492460299995
2013-04-02,0.9689925035899994
2013-04-03,0.9615267335899994
2013-04-08,0.9585674735899995
2013-04-09,0.9534354635899995
2013-04-10,0.9610196635899995
2013-04-11,0.9616744335899996
2013-04-12,0.9576786035899996
2013-04-15,0.9510163335899996
2013-04-16,0.9378298935899996
2013-04-17,0.9485989535899995
2013-04-18,0.9489805535899996
2013-04-19,0.9514219435899997
2013-04-22,0.9698198735899998
2013-04-23,0.9686403535899998
2013-04-24,0.9406642535899997
2013-04-25,0.9550334335899997
2013-04-26,0.9447329035899996
2013-05-02,0.9331723735899996
2013-05-03,0.9256580599399995
2013-05-06,0.9414044499399994
2013-05-07,0.9590437899399994
2013-05-08,0.9665259899399995
2013-05-09,0.9690769399399994
2013-05-10,0.9676004999399995
2013-05-13,0.9748562999399996
2013-05-14,0.9762589099399994
2013-05-15,0.9596762699399994
2013-05-16,0.9661476399399995
2013-05-17,0.9804466799399995
2013-05-20,0.9986873699399994
2013-05-21,1.0077905999399994
2013-05-22,1.0175310099399995
2013-05-23,1.0176330499399995
2013-05-24,1.0058678599399995
2013-05-27,1.0147918199399995
2013-05-28,1.0175788299399995
2013-05-29,1.0297856299399997
2013-05-30,1.0343574299399996
2013-05-31,1.0329426199399996
2013-06-03,1.0225391099399996
2013-06-04,1.0235962137099999
2013-06-05,1.00889354371
2013-06-06,1.00581981371
2013-06-07,0.99435413371
2013-06-13,0.98145880371
2013-06-14,0.95300495371
2013-06-17,0.95839808371
2013-06-18,0.95056558371
2013-06-19,0.95391904371
2013-06-20,0.94833261371
2013-06-21,0.91905276371
2013-06-24,0.91592913371
2013-06-25,0.85914896371
2013-06-26,0.8504048537100001
2013-06-27,0.8519078537100001
2013-06-28,0.8411984037100001
2013-07-01,0.8497919137100002
2013-07-02,0.8565175295100002
2013-07-03,0.8608713295100002
2013-07-04,0.8547861995100002
2013-07-05,0.8653145295100003
2013-07-08,0.8652600395100003
2013-07-09,0.8301634095100002
2013-07-10,0.8337713795100001
2013-07-11,0.86288405951
2013-07-12,0.90047822951
2013-07-15,0.88284650951
2013-07-16,0.8982697995100001
2013-07-17,0.90855070951
2013-07-18,0.89657063951
2013-07-19,0.8835352995100001
2013-07-22,0.8613698795100001
2013-07-23,0.8717060795100001
2013-07-24,0.8971218595100002
2013-07-25,0.8903632395100002
2013-07-26,0.8826127595100002
2013-07-29,0.8758804095100002
2013-07-30,0.8579825395100003
2013-07-31,0.8660081995100003
2013-08-01,0.8686748395100004
2013-08-02,0.8875198921600004
2013-08-05,0.8914811021600004
2013-08-06,0.9062014421600003
2013-08-07,0.9130181521600004
2013-08-08,0.9079355921600004
2013-08-09,0.9090534521600003
2013-08-12,0.9128563921600004
2013-08-13,0.9371580121600004
2013-08-14,0.9370319121600004
2013-08-15,0.9312463721600004
2013-08-16,0.9200726721600004
2013-08-19,0.9087509521600005
2013-08-20,0.9174631021600006
2013-08-21,0.9095114621600006
2013-08-22,0.9131854921600007
2013-08-23,0.9099133721600007
2013-08-26,0.9064754621600006
2013-08-27,0.9267417721600006
2013-08-28,0.9334496221600005
2013-08-29,0.9335269821600005
2013-08-30,0.9278515921600006
2013-09-02,0.9247742821600006
2013-09-03,0.9260076043100007
2013-09-04,0.9369802443100008
2013-09-05,0.9365441243100008
2013-09-06,0.9321824143100008
2013-09-09,0.9361975043100009
2013-09-10,0.9541345843100009
2013-09-11,0.9651063043100008
2013-09-12,0.9698606543100007
2013-09-13,0.9730445543100007
2013-09-16,0.9755293743100008
2013-09-17,0.9758551443100008
2013-09-18,0.9560733943100008
2013-09-23,0.9568370143100009
2013-09-24,0.9733897443100008
2013-09-25,0.9700130643100008
2013-09-26,0.9668523443100008
2013-09-27,0.9506939343100008
2013-09-30,0.9531996543100008
2013-10-08,0.9620963743100007
2013-10-09,0.9711152203000009
2013-10-10,0.974148100300001
2013-10-11,0.968522330300001
2013-10-14,0.982278330300001
2013-10-15,0.992509680300001
2013-10-16,0.9928982603000011
2013-10-17,0.9722294703000011
2013-10-18,0.973015250300001
2013-10-21,0.975624290300001
2013-10-22,0.994154920300001
2013-10-23,0.9875583503000009
2013-10-24,0.9720894703000009
2013-10-25,0.9614661903000009
2013-10-28,0.9448449703000008
2013-10-29,0.9410863803000008
2013-10-30,0.9305114503000008
2013-10-31,0.9454013203000008
2013-11-01,0.9328592003000008
2013-11-04,0.9359973412300008
2013-11-05,0.9352288812300008
2013-11-06,0.9356451612300007
2013-11-07,0.9286630812300007
2013-11-08,0.9257941512300008
2013-11-11,0.9114140112300008
2013-11-12,0.9127129012300008
2013-11-13,0.9213640612300009
2013-11-14,0.9040575612300009
2013-11-15,0.910266051230001
2013-11-18,0.9277181812300012
2013-11-19,0.9528202612300012
2013-11-20,0.9504795712300012
2013-11-21,0.9570962212300012
2013-11-22,0.9530285812300011
2013-11-25,0.9500623612300012
2013-11-26,0.9473901612300012
2013-11-27,0.9447169212300013
2013-11-28,0.9588577412300013
2013-11-29,0.9714586812300013
2013-12-02,0.9739074712300014
2013-12-03,0.9576780655800015
2013-12-04,0.9705492955800015
2013-12-05,0.9865492055800016
2013-12-06,0.9860211955800016
2013-12-09,0.9803212055800016
2013-12-10,0.9806603855800015
2013-12-11,0.9793492355800014
2013-12-12,0.9643060355800014
2013-12-13,0.9649196455800013
2013-12-16,0.9641456655800013
2013-12-17,0.9490831055800013
2013-12-18,0.9430622455800013
2013-12-19,0.9430227855800013
2013-12-20,0.9363561055800014
2013-12-23,0.9194784555800014
2013-12-24,0.9211174355800014
2013-12-25,0.9216330955800013
2013-12-26,0.9295549055800013
2013-12-27,0.9165915155800013
2013-12-30,0.9305652855800013
2013-12-31,0.9279249255800013
2014-01-02,0.9351822455800012
2014-01-03,0.9316834567100016
2014-01-06,0.9217317967100016
2014-01-07,0.8991780467100017
2014-01-08,0.9026573867100016
2014-01-09,0.9026569667100016
2014-01-10,0.8934957867100016
2014-01-13,0.8839399267100017
2014-01-14,0.8779555667100016
2014-01-15,0.8869648367100017
2014-01-16,0.8869878967100018
2014-01-17,0.8897947867100019
2014-01-20,0.874468126710002
2014-01-21,0.872100166710002
2014-01-22,0.8804907367100019
2014-01-23,0.900713486710002
2014-01-24,0.8977429867100019
2014-01-27,0.9081879267100019
2014-01-28,0.8979042367100019
2014-01-29,0.8942027967100018
2014-01-30,0.8959638167100018
2014-02-07,0.8851183267100018
2014-02-10,0.8939686152900018
2014-02-11,0.9177643752900018
2014-02-12,0.9231673852900018
2014-02-13,0.9241875352900017
2014-02-14,0.9114250352900017
2014-02-17,0.9219884052900017
2014-02-18,0.9359712652900016
2014-02-19,0.9269355552900016
2014-02-20,0.9296056852900016
2014-02-21,0.9238771052900017
2014-02-24,0.9157965352900017
2014-02-25,0.9056380752900017
2014-02-26,0.8827494152900017
2014-02-27,0.8882799452900018
2014-02-28,0.8783968552900017
2014-03-03,0.8852690752900017
2014-03-04,0.896293032280002
2014-03-05,0.890921952280002
2014-03-06,0.8823521322800021
2014-03-07,0.883959372280002
2014-03-10,0.880030782280002
2014-03-11,0.849138342280002
2014-03-12,0.852870802280002
2014-03-13,0.854820162280002
2014-03-14,0.8658026122800021
2014-03-17,0.8607378122800021
2014-03-18,0.8720915922800021
2014-03-19,0.8713205122800021
2014-03-20,0.865675782280002
2014-03-21,0.850575122280002
2014-03-24,0.874534042280002
2014-03-25,0.8825960922800019
2014-03-26,0.8829102822800019
2014-03-27,0.8839974222800019
2014-03-28,0.8735484222800018
2014-03-31,0.8683819422800019
2014-04-01,0.8639233622800019
2014-04-02,0.870033992770002
2014-04-03,0.877266852770002
2014-04-04,0.873248802770002
2014-04-08,0.879643882770002
2014-04-09,0.894024312770002
2014-04-10,0.8983479027700021
2014-04-11,0.9079971127700021
2014-04-14,0.9058785327700021
2014-04-15,0.9050838627700021
2014-04-16,0.893405752770002
2014-04-17,0.894358092770002
2014-04-18,0.893971772770002
2014-04-21,0.893330952770002
2014-04-22,0.881826352770002
2014-04-23,0.882894402770002
2014-04-24,0.8810128227700019
2014-04-25,0.8783737927700018
2014-04-28,0.8671437227700018
2014-04-29,0.8475834427700019
2014-04-30,0.8524680227700018
2014-05-05,0.8535616527700017
2014-05-06,0.8541317228100016
2014-05-07,0.8548307028100016
2014-05-08,0.8429957728100016
2014-05-09,0.8447486428100016
2014-05-12,0.8466048728100015
2014-05-13,0.8718854128100015
2014-05-14,0.8683300128100016
2014-05-15,0.8683182428100016
2014-05-16,0.8526340328100016
2014-05-19,0.8537316828100017
2014-05-20,0.8433653828100016
2014-05-21,0.8423622528100017
2014-05-22,0.8518651728100017
2014-05-23,0.8468073628100017
2014-05-26,0.8529703428100016
2014-05-27,0.8570946528100015
2014-05-28,0.8518666628100016
2014-05-29,0.8613757328100016
2014-05-30,0.8522868528100016
2014-06-03,0.8533822128100016
2014-06-04,0.8499270171400014
2014-06-05,0.8397723671400015
2014-06-06,0.8452273471400014
2014-06-09,0.8409963171400013
2014-06-10,0.8386663971400014
2014-06-11,0.8507834371400014
2014-06-12,0.8510684971400013
2014-06-13,0.8486318171400014
2014-06-16,0.8563027371400014
2014-06-17,0.8624244071400015
2014-06-18,0.8536952971400015
2014-06-19,0.8478211071400015
2014-06-20,0.8320414671400015
2014-06-23,0.8353286471400014
2014-06-24,0.8377645271400014
2014-06-25,0.8423905671400014
2014-06-26,0.8387421371400013
2014-06-27,0.8455516471400013
2014-06-30,0.8479916171400013
2014-07-01,0.8556955371400012
2014-07-02,0.8577137744900014
2014-07-03,0.8625530244900015
2014-07-04,0.8658010344900015
2014-07-07,0.8612903544900015
2014-07-08,0.8595935344900015
2014-07-09,0.8604256844900016
2014-07-10,0.8482538644900015
2014-07-11,0.8461149944900015
2014-07-14,0.8508126844900015
2014-07-15,0.8605559944900015
2014-07-16,0.8624073844900015
2014-07-17,0.8615420844900016
2014-07-18,0.8569326344900016
2014-07-21,0.8585730344900016
2014-07-22,0.8587464044900015
2014-07-23,0.8680030244900016
2014-07-24,0.8658756144900016
2014-07-25,0.8801112444900016
2014-07-28,0.8920632244900015
2014-07-29,0.9140540244900015
2014-07-30,0.9154717744900016
2014-07-31,0.9125534544900016
2014-08-01,0.9251451944900017
2014-08-04,0.9140666824700013
2014-08-05,0.9296628224700013
2014-08-06,0.9310943024700012
2014-08-07,0.9314418124700012
2014-08-08,0.9165665924700012
2014-08-11,0.9185576724700012
2014-08-12,0.9316078024700012
2014-08-13,0.9331468524700012
2014-08-14,0.9350361124700013
2014-08-15,0.9232977524700012
2014-08-18,0.9376409224700013
2014-08-19,0.9494685924700013
2014-08-20,0.9552219124700012
2014-08-21,0.9503858024700013
2014-08-22,0.9494960824700013
2014-08-25,0.9546268624700013
2014-08-26,0.9446989624700013
2014-08-27,0.9318027724700012
2014-08-28,0.9325432324700013
2014-08-29,0.9322016424700013
2014-09-01,0.9402965024700013
2014-09-02,0.9468429391500016
2014-09-03,0.9591008591500017
2014-09-04,0.9708749991500015
2014-09-05,0.9798176691500015
2014-09-09,0.9885092991500015
2014-09-10,0.9886161791500016
2014-09-11,0.9887638891500015
2014-09-12,0.9835639891500014
2014-09-15,0.9919977191500013
2014-09-16,0.9950535691500014
2014-09-17,0.9751293991500015
2014-09-18,0.9795966591500016
2014-09-19,0.9819801691500017
2014-09-22,0.9880300991500018
2014-09-23,0.9728985291500019
2014-09-24,0.9818650791500018
2014-09-25,0.9985013691500018
2014-09-26,1.0013891691500019
2014-09-29,0.9988382791500018
2014-09-30,1.0029133691500018
2014-10-08,1.003121559150002
2014-10-09,1.0125672158700019
2014-10-10,1.012576325870002
2014-10-13,1.004790895870002
2014-10-14,1.005302275870002
2014-10-15,1.002175745870002
2014-10-16,1.011579675870002
2014-10-17,1.002470415870002
2014-10-20,1.001204575870002
2014-10-21,1.0075395058700019
2014-10-22,0.9967756958700019
2014-10-23,0.9874013458700018
2014-10-24,0.9775045358700019
2014-10-27,0.9769390158700019
2014-10-28,0.9738821258700019
2014-10-29,0.9905886858700019
2014-10-30,1.0021288858700022
2014-10-31,1.0117095658700022
2014-11-03,1.0221520458700022
2014-11-04,1.024453055900002
2014-11-05,1.022608735900002
2014-11-06,1.017846295900002
2014-11-07,1.0230817959000023
2014-11-10,1.0151017059000023
2014-11-11,1.0342437059000025
2014-11-12,1.0215164359000024
2014-11-13,1.0372188259000026
2014-11-14,1.0304314459000026
2014-11-17,1.0285276059000026
2014-11-18,1.0287365859000024
2014-11-19,1.0242207759000024
2014-11-20,1.0250760659000022
2014-11-21,1.0220614359000022
2014-11-24,1.0375742859000023
2014-11-25,1.0619168959000025
2014-11-26,1.0795968859000025
2014-11-27,1.0857497859000025
2014-11-28,1.0914148759000024
2014-12-01,1.1040571259000023
2014-12-02,1.1053240498500025
2014-12-03,1.1324492398500026
2014-12-04,1.1535720898500026
2014-12-05,1.1902429198500026
2014-12-08,1.1865634898500026
2014-12-09,1.2197201598500025
2014-12-10,1.1686938398500024
2014-12-11,1.2074088998500025
2014-12-12,1.1983138298500025
2014-12-15,1.2009178498500024
2014-12-16,1.2109982298500024
2014-12-17,1.2328403198500024
2014-12-18,1.2302270298500024
2014-12-19,1.2233918398500025
2014-12-22,1.2309901398500027
2014-12-23,1.2264514398500028
2014-12-24,1.198618749850003
2014-12-25,1.183391439850003
2014-12-26,1.2127490998500028
2014-12-29,1.240838299850003
2014-12-30,1.236986839850003
2014-12-31,1.225251959850003
2015-01-05,1.2448752498500029
2015-01-06,1.2870141064900027
2015-01-07,1.3020402964900026
2015-01-08,1.3059501564900027
2015-01-09,1.2936225264900028
2015-01-12,1.2819829964900027
2015-01-13,1.2790902164900027
2015-01-14,1.2866754064900026
2015-01-15,1.2709943064900024
2015-01-16,1.2919199564900026
2015-01-19,1.3124310864900026
2015-01-20,1.2350876964900026
2015-01-21,1.2690912864900026
2015-01-22,1.3143934264900028
2015-01-23,1.336240436490003
2015-01-26,1.3262025664900028
2015-01-27,1.349311116490003
2015-01-28,1.344284556490003
2015-01-29,1.326097606490003
2015-01-30,1.315795776490003
2015-02-02,1.298161106490003
2015-02-03,1.2744341069700034
2015-02-04,1.2973917769700034
2015-02-05,1.2885832969700033
2015-02-06,1.2758733169700034
2015-02-09,1.2521149669700034
2015-02-10,1.2587700569700033
2015-02-11,1.2813414669700032
2015-02-12,1.2933081069700032
2015-02-13,1.3002924969700032
2015-02-16,1.3141944669700032
2015-02-17,1.3369225769700033
2015-02-25,1.343194286970003
2015-02-26,1.329140266970003
2015-02-27,1.360087036970003
2015-03-02,1.3665295169700031
2015-03-03,1.3836922957000033
2015-03-04,1.3648145157000033
2015-03-05,1.3783936857000034
2015-03-06,1.3769203457000034
2015-03-09,1.3632383957000034
2015-03-10,1.3805400857000034
2015-03-11,1.3832027857000035
2015-03-12,1.3822106757000037
2015-03-13,1.3951838557000036
2015-03-16,1.4097901557000034
2015-03-17,1.4494521457000034
2015-03-18,1.4612109457000033
2015-03-19,1.4901040957000034
2015-03-20,1.4921402857000032
2015-03-23,1.5109252657000034
2015-03-24,1.5497500957000037
2015-03-25,1.5691366857000038
2015-03-26,1.5638393057000037
2015-03-27,1.5463950557000037
2015-03-30,1.5586566657000036
2015-03-31,1.5916334457000039
2015-04-01,1.5778771557000038
2015-04-02,1.6124190632300035
2015-04-03,1.6287462432300035
2015-04-07,1.6430353232300035
2015-04-08,1.6699482332300035
2015-04-09,1.6594098532300035
2015-04-10,1.6464729432300036
2015-04-13,1.6834250832300037
2015-04-14,1.7019381132300035
2015-04-15,1.7096643632300037
2015-04-16,1.6664126032300037
2015-04-17,1.7026811432300037
2015-04-20,1.731295093230004
2015-04-21,1.715297473230004
2015-04-22,1.758880373230004
2015-04-23,1.8011880332300039
2015-04-24,1.8179086232300041
2015-04-27,1.804651963230004
2015-04-28,1.828563423230004
2015-04-29,1.793529503230004
2015-04-30,1.812916203230004
2015-05-04,1.8013977832300039
2015-05-05,1.8125995735400038
2015-05-06,1.7358684835400038
2015-05-07,1.7211306535400037
2015-05-08,1.6911011535400038
2015-05-11,1.7382065135400038
2015-05-12,1.7968218535400038
2015-05-13,1.8296979435400036
2015-05-14,1.8374801535400036
2015-05-15,1.8323071535400037
2015-05-18,1.8014170635400037
2015-05-19,1.804333823540004
2015-05-20,1.8627345235400041
2015-05-21,1.886404003540004
2015-05-22,1.9443307035400041
2015-05-25,1.9787580335400043
2015-05-26,2.0263940235400044
2015-05-27,2.0805922035400046
2015-05-28,2.0941130135400043
2015-05-29,1.9655746035400041
2015-06-01,1.9903401935400042
2015-06-02,2.0857464465200053
2015-06-03,2.1337860665200052
2015-06-04,2.1441953565200054
2015-06-05,2.1467840465200054
2015-06-08,2.170497946520005
2015-06-09,2.1913267865200052
2015-06-10,2.187996166520005
2015-06-11,2.196196986520005
2015-06-12,2.2110036865200047
2015-06-15,2.2344729065200046
2015-06-16,2.2162933565200045
2015-06-17,2.1237710265200045
2015-06-18,2.1488856465200046
2015-06-19,2.0677951165200046
2015-06-23,1.9425829965200043
2015-06-24,1.9940909565200045
2015-06-25,2.0416309165200044
2015-06-26,1.9551906865200044
2015-06-29,1.7930982265200042
2015-06-30,1.710231136520004
2015-07-01,1.814933066520004
2015-07-02,1.7265609201100043
2015-07-03,1.637112750110004
2015-07-06,1.5488507101100037
2015-07-07,1.5618241201100036
2015-07-08,1.4871051601100034
2015-07-09,1.4021016901100034
2015-07-10,1.4705163401100034
2015-07-13,1.5484733101100037
2015-07-14,1.6156624501100036
2015-07-15,1.5911816201100035
2015-07-16,1.5214855601100035
2015-07-17,1.5441946201100034
2015-07-20,1.6157376601100035
2015-07-21,1.6261668401100036
2015-07-22,1.6471009401100036
2015-07-23,1.6478825601100038
2015-07-24,1.6879146601100037
2015-07-27,1.6637883201100037
2015-07-28,1.5336800401100035
2015-07-29,1.5286018701100035
2015-07-30,1.5847427601100035
2015-07-31,1.5343875001100034
2015-08-03,1.5427278701100033
2015-08-04,1.549277872000003
2015-08-05,1.611031562000003
2015-08-06,1.575856012000003
2015-08-07,1.564792492000003
2015-08-10,1.601510922000003
2015-08-11,1.6764973120000028
2015-08-12,1.669624202000003
2015-08-13,1.641935562000003
2015-08-14,1.680563972000003
2015-08-17,1.674658412000003
2015-08-18,1.690686382000003
2015-08-19,1.579599802000003
2015-08-20,1.607126512000003
2015-08-21,1.5575224820000029
2015-08-24,1.4830469620000029
2015-08-25,1.3551385520000028
2015-08-26,1.2547754720000028
2015-08-27,1.2261528820000027
2015-08-28,1.2852943920000028
2015-08-31,1.3517358820000027
2015-09-01,1.3552154020000027
2015-09-02,1.3500822045200023
2015-09-07,1.362996394520002
2015-09-08,1.3189627645200022
2015-09-09,1.3566164645200023
2015-09-10,1.3834158045200022
2015-09-11,1.3622936645200023
2015-09-14,1.3637902745200026
2015-09-15,1.3169928445200025
2015-09-16,1.2543375945200026
2015-09-17,1.3318408645200026
2015-09-18,1.3016200945200027
2015-09-21,1.3104918145200029
2015-09-22,1.339336934520003
2015-09-23,1.3497446545200031
2015-09-24,1.319484274520003
2015-09-25,1.3302320645200032
2015-09-28,1.3024625345200032
2015-09-29,1.3111972745200031
2015-09-30,1.283793874520003
2015-10-08,1.2957992345200031
2015-10-09,1.339052076120003
2015-10-12,1.3604379261200035
2015-10-13,1.4088978861200037
2015-10-14,1.4141883961200035
2015-10-15,1.3965628661200034
2015-10-16,1.4320916461200033
2015-10-19,1.4540504461200032
2015-10-20,1.4514343161200032
2015-10-21,1.4766233461200033
2015-10-22,1.4042208561200031
2015-10-23,1.4433834261200031
2015-10-26,1.469581396120003
2015-10-27,1.4779454161200032
2015-10-28,1.4826392061200033
2015-10-29,1.4517753161200033
2015-10-30,1.4587979761200034
2015-11-02,1.4547319061200035
2015-11-03,1.428418322100004
2015-11-04,1.426017372100004
2015-11-05,1.496084852100004
2015-11-06,1.527634402100004
2015-11-09,1.5669418621000037
2015-11-10,1.575524672100004
2015-11-11,1.584779062100004
2015-11-12,1.5919510821000038
2015-11-13,1.5882703621000038
2015-11-16,1.567209642100004
2015-11-17,1.5784604821000041
2015-11-18,1.578809562100004
2015-11-19,1.550182722100004
2015-11-20,1.5790904121000038
2015-11-23,1.5906663021000038
2015-11-24,1.579793332100004
2015-11-25,1.582493422100004
2015-11-26,1.600917812100004
2015-11-27,1.595429142100004
2015-11-30,1.493867672100004
2015-12-01,1.4987396821000039
2015-12-02,1.5125070772100044
2015-12-03,1.5505080472100046
2015-12-04,1.5664273372100046
2015-12-07,1.5473691372100045
2015-12-08,1.5542135072100045
2015-12-09,1.5252796072100046
2015-12-10,1.5231910272100047
2015-12-11,1.5211964272100047
2015-12-14,1.5156762072100047
2015-12-15,1.5616539472100046
2015-12-16,1.5596121172100046
2015-12-17,1.5578012872100047
2015-12-18,1.5887782872100047
2015-12-21,1.5839868172100047
2015-12-22,1.6212252472100046
2015-12-23,1.6305604772100046
2015-12-24,1.6211520772100045
2015-12-25,1.6076200372100045
2015-12-28,1.6096899072100046
2015-12-29,1.5619258372100044
2015-12-30,1.5773383072100047
2015-12-31,1.5798476672100048
2016-01-04,1.5656277172100048
2016-01-05,1.442996705690005
2016-01-06,1.445949075690005
2016-01-07,1.481013405690005
2016-01-08,1.363788795690005
2016-01-11,1.3986448056900052
2016-01-12,1.321509235690005
2016-01-13,1.338278705690005
2016-01-14,1.3057415656900049
2016-01-15,1.339647175690005
2016-01-18,1.291743345690005
2016-01-19,1.300895325690005
2016-01-20,1.3388173356900053
2016-01-21,1.3247892656900053
2016-01-22,1.2723983756900052
2016-01-25,1.2888935556900054
2016-01-26,1.3001551856900055
2016-01-27,1.2142716356900054
2016-01-28,1.2054617056900054
2016-01-29,1.1661648756900054
2016-02-01,1.2078139856900056
2016-02-02,1.1899873852700058
2016-02-03,1.219894535270006
2016-02-04,1.2176955652700059
2016-02-05,1.237172685270006
2016-02-15,1.226621045270006
2016-02-16,1.226638455270006
2016-02-17,1.2729087452700063
2016-02-18,1.2861798452700064
2016-02-19,1.2791766552700063
2016-02-22,1.2802512752700064
2016-02-23,1.3112992252700064
2016-02-24,1.3032042552700065
2016-02-25,1.3130359752700065
2016-02-26,1.2185505852700063
2016-02-29,1.2275124052700062
2016-03-01,1.175072985270006
2016-03-02,1.201320594970006
2016-03-03,1.2634651749700063
2016-03-04,1.2650410749700063
2016-03-07,1.2651097649700063
2016-03-08,1.2796344449700063
2016-03-09,1.2764777649700063
2016-03-10,1.2493858949700063
2016-03-11,1.2255414849700061
2016-03-14,1.2269953049700062
2016-03-15,1.2562885149700063
2016-03-16,1.2533887549700062
2016-03-17,1.248049784970006
2016-03-18,1.2771451449700062
2016-03-21,1.3114995249700063
2016-03-22,1.3508293349700065
2016-03-23,1.3467842949700064
2016-03-24,1.3592744349700066
2016-03-25,1.3381202449700065
2016-03-28,1.3455035949700065
2016-03-29,1.3370847549700065
2016-03-30,1.3183734449700064
2016-03-31,1.3571889749700066
2016-04-01,1.3589408749700065
2016-04-05,1.3555695035000066
2016-04-06,1.3825706935000068
2016-04-07,1.3809314135000068
2016-04-08,1.3589613335000066
2016-04-11,1.3481692835000065
2016-04-12,1.3722752235000066
2016-04-13,1.3696943035000066
2016-04-14,1.3904499735000069
2016-04-15,1.3949214735000068
2016-04-18,1.3919055735000068
2016-04-19,1.3730990135000067
2016-04-20,1.3752438235000068
2016-04-21,1.3422575035000068
2016-04-22,1.3345146135000068
2016-04-25,1.3397877535000067
2016-04-26,1.3387128235000065
2016-04-27,1.3487832135000064
2016-04-28,1.3441102635000064
2016-04-29,1.3421533735000064
2016-05-03,1.3395410735000064
2016-05-04,1.3646669271500058
2016-05-05,1.3653821471500058
2016-05-06,1.3683609771500058
2016-05-09,1.3287358571500056
2016-05-10,1.2959946371500055
2016-05-11,1.2999811371500054
2016-05-12,1.3092827671500054
2016-05-13,1.3072240671500053
2016-05-16,1.2983102771500052
2016-05-17,1.3076768171500053
2016-05-18,1.3060609971500052
2016-05-19,1.291748417150005
2016-05-20,1.2908426571500051
2016-05-23,1.2985947271500051
2016-05-24,1.306498577150005
2016-05-25,1.295668707150005
2016-05-26,1.290422837150005
2016-05-27,1.2932464371500052
2016-05-30,1.2935221771500052
2016-05-31,1.289797267150005
2016-06-01,1.3368784471500053
2016-06-02,1.3327765080000058
2016-06-03,1.3387711680000058
2016-06-06,1.3469618980000058
2016-06-07,1.3497718180000058
2016-06-08,1.3515287980000057
2016-06-13,1.3453425480000056
2016-06-14,1.2938197080000058
2016-06-15,1.2974630380000058
2016-06-16,1.3217074980000059
2016-06-17,1.3153694380000058
2016-06-20,1.3248665780000057
2016-06-21,1.3226733180000056
2016-06-22,1.3176833580000056
2016-06-23,1.3350590080000058
2016-06-24,1.3279669480000058
2016-06-27,1.3102844780000058
2016-06-28,1.330654098000006
2016-06-29,1.3416995780000058
2016-06-30,1.3447474780000057
2016-07-01,1.3469538180000056
2016-07-04,1.3435779894000055
2016-07-05,1.3717001794000057
2016-07-06,1.3769640894000057
2016-07-07,1.3825752894000058
2016-07-08,1.3846011894000056
2016-07-11,1.3782643094000058
2016-07-12,1.3815527094000057
2016-07-13,1.4163354394000056
2016-07-14,1.4268216994000056
2016-07-15,1.4275048794000056
2016-07-18,1.4311692894000054
2016-07-19,1.4260273294000054
2016-07-20,1.4227729294000053
2016-07-21,1.4222171394000054
2016-07-22,1.4310433094000055
2016-07-25,1.4232434494000055
2016-07-26,1.4284426494000055
2016-07-27,1.4458048394000056
2016-07-28,1.4133187294000056
2016-07-29,1.4276696094000056
2016-08-01,1.4160858594000056
2016-08-02,1.4024514694200054
2016-08-03,1.4140602294200055
2016-08-04,1.4143826194200053
2016-08-05,1.4152012994200052
2016-08-08,1.4135393294200052
2016-08-09,1.4266065994200052
2016-08-10,1.4344965194200052
2016-08-11,1.4294436494200051
2016-08-12,1.419066789420005
2016-08-15,1.4437372994200053
2016-08-16,1.4868449894200053
2016-08-17,1.4857630594200053
2016-08-18,1.4797078794200054
2016-08-19,1.4813008494200055
2016-08-22,1.4832074894200056
2016-08-23,1.4666416794200055
2016-08-24,1.4672823994200055
2016-08-25,1.4637385194200057
2016-08-26,1.4467192194200056
2016-08-29,1.4466994694200055
2016-08-30,1.4489382094200054
2016-08-31,1.4508293894200053
2016-09-01,1.4559093494200055
2016-09-02,1.441824092430005
2016-09-05,1.446754432430005
2016-09-06,1.450860422430005
2016-09-07,1.4662596824300052
2016-09-08,1.466262692430005
2016-09-09,1.467221992430005
2016-09-12,1.4570640624300049
2016-09-13,1.4321524824300047
2016-09-14,1.4319395124300047
2016-09-19,1.4232647224300048
2016-09-20,1.4340202824300046
2016-09-21,1.4343750524300047
2016-09-22,1.4367099624300048
2016-09-23,1.4431129024300047
2016-09-26,1.4385906724300046
2016-09-27,1.4167444724300047
2016-09-28,1.4247768924300046
2016-09-29,1.4213674724300045
2016-09-30,1.4254773924300046
2016-10-10,1.4284623524300049
2016-10-11,1.4414078029800046
2016-10-12,1.4488346129800047
2016-10-13,1.4458798229800047
2016-10-14,1.4486310929800048
2016-10-17,1.4510749029800047
2016-10-18,1.4395893729800047
2016-10-19,1.4590902929800047
2016-10-20,1.4587253629800045
2016-10-21,1.4608339129800045
2016-10-24,1.4611789229800045
2016-10-25,1.4803048829800047
2016-10-26,1.4812298329800049
2016-10-27,1.475494382980005
2016-10-28,1.4719067329800049
2016-10-31,1.4636907729800048
2016-11-01,1.459296422980005
2016-11-02,1.4642745625300047
2016-11-03,1.4548620725300048
2016-11-04,1.469903242530005
2016-11-07,1.468552612530005
2016-11-08,1.4723581125300051
2016-11-09,1.4761138325300052
2016-11-10,1.4650061725300052
2016-11-11,1.4791442025300052
2016-11-14,1.4943233925300055
2016-11-15,1.5031083225300055
2016-11-16,1.5025987325300054
2016-11-17,1.5018487825300053
2016-11-18,1.5050511925300052
2016-11-21,1.4946770525300053
2016-11-22,1.5024006725300054
2016-11-23,1.5162114325300056
2016-11-24,1.5116691425300055
2016-11-25,1.5169882125300056
2016-11-28,1.5270898225300058
2016-11-29,1.5361034025300058
2016-11-30,1.5433414725300056
2016-12-01,1.5350247925300056
2016-12-02,1.545497016100006
2016-12-05,1.531619366100006
2016-12-06,1.516619086100006
2016-12-07,1.511179546100006
2016-12-08,1.518309136100006
2016-12-09,1.5075638961000062
2016-12-12,1.5053266361000062
2016-12-13,1.462128146100006
2016-12-14,1.4621783461000062
2016-12-15,1.450821206100006
2016-12-16,1.445452766100006
2016-12-19,1.451924786100006
2016-12-20,1.4497928361000059
2016-12-21,1.4444065961000059
2016-12-22,1.458684136100006
2016-12-23,1.457661096100006
2016-12-26,1.445053766100006
2016-12-27,1.4496090661000058
2016-12-28,1.4477215661000058
2016-12-29,1.4417317261000058
2016-12-30,1.4415843961000057
2017-01-03,1.4466515461000056
2017-01-04,1.459328203550005
2017-01-05,1.4739145235500049
2017-01-06,1.4748989535500048
2017-01-09,1.4664986235500048
2017-01-10,1.4762999235500047
2017-01-11,1.4730546135500047
2017-01-12,1.4620648335500046
2017-01-13,1.4539948335500046
2017-01-16,1.4429155735500045
2017-01-17,1.4300727735500045
2017-01-18,1.4386121735500046
2017-01-19,1.4405660135500047
2017-01-20,1.4370395135500047
2017-01-23,1.4514323535500047
2017-01-24,1.4597212135500046
2017-01-25,1.4579363535500045
2017-01-26,1.4622017835500043
2017-02-03,1.4706759735500043
2017-02-06,1.4649227188400045
2017-02-07,1.4755596788400047
2017-02-08,1.4752036288400048
2017-02-09,1.4840866988400048
2017-02-10,1.4885301888400049
2017-02-13,1.4953362488400048
2017-02-14,1.5043887588400047
2017-02-15,1.5070826788400047
2017-02-16,1.4928377688400045
2017-02-17,1.5011260288400043
2017-02-20,1.4912414988400042
2017-02-21,1.5108764988400043
2017-02-22,1.5217997088400044
2017-02-23,1.5258727588400043
2017-02-24,1.5204494988400044
2017-02-27,1.5247976088400044
2017-02-28,1.5125291088400044
2017-03-01,1.5169792188400044
2017-03-02,1.5195038045500042
2017-03-03,1.5101686545500042
2017-03-06,1.510370594550004
2017-03-07,1.521806574550004
2017-03-08,1.521317394550004
2017-03-09,1.5156201145500041
2017-03-10,1.504425654550004
2017-03-13,1.505403904550004
2017-03-14,1.513829394550004
2017-03-15,1.513726474550004
2017-03-16,1.516027184550004
2017-03-17,1.523292984550004
2017-03-20,1.509323714550004
2017-03-21,1.509606214550004
2017-03-22,1.510584924550004
2017-03-23,1.499860794550004
2017-03-24,1.504608964550004
2017-03-27,1.514578904550004
2017-03-28,1.5131859945500041
2017-03-29,1.5116130945500041
2017-03-30,1.511449104550004
2017-03-31,1.494351934550004
2017-04-05,1.503246874550004
2017-04-06,1.526417806060005
2017-04-07,1.529823636060005
2017-04-10,1.5325548260600048
2017-04-11,1.5302331560600047
2017-04-12,1.5459222460600046
2017-04-13,1.5432480960600046
2017-04-14,1.5453494360600046
2017-04-17,1.5333554460600047
2017-04-18,1.5203942060600046
2017-04-19,1.5095200160600046
2017-04-20,1.4943969560600046
2017-04-21,1.4926291560600047
2017-04-24,1.4945044460600048
2017-04-25,1.4761199560600047
2017-04-26,1.4790424760600047
2017-04-27,1.4805560360600047
2017-04-28,1.4805891960600048
2017-05-02,1.4793869860600048
2017-05-03,1.465409922250005
2017-05-04,1.4606180922500052
2017-05-05,1.4518765822500053
2017-05-08,1.4368705222500053
2017-05-09,1.4253302622500053
2017-05-10,1.429423722250005
2017-05-11,1.409934742250005
2017-05-12,1.407297192250005
2017-05-15,1.4125989622500053
2017-05-16,1.4181515322500053
2017-05-17,1.4324928322500055
2017-05-18,1.4344798622500057
2017-05-19,1.4265224022500056
2017-05-22,1.4268250422500055
2017-05-23,1.4170171422500055
2017-05-24,1.4083832922500055
2017-05-25,1.4078029022500056
2017-05-26,1.4242876622500058
2017-05-31,1.4229649922500058
2017-06-01,1.4275587122500057
2017-06-02,1.4221866900400055
2017-06-05,1.4259622500400053
2017-06-06,1.4299683400400054
2017-06-07,1.4415799000400054
2017-06-08,1.4639819200400053
2017-06-09,1.4698175400400053
2017-06-12,1.4749622800400053
2017-06-13,1.4603697000400053
2017-06-14,1.4746581400400054
2017-06-15,1.4641117100400054
2017-06-16,1.4711561500400052
2017-06-19,1.4693944300400053
2017-06-20,1.4827789000400053
2017-06-21,1.4783244900400052
2017-06-22,1.4936179100400053
2017-06-23,1.4871176200400054
2017-06-26,1.4966608500400054
2017-06-27,1.5135623700400056
2017-06-28,1.5181459500400056
2017-06-29,1.5036368500400057
2017-06-30,1.5147608700400057
2017-07-03,1.5132319200400057
2017-07-04,1.5126880043800055
2017-07-05,1.5071121543800055
2017-07-06,1.5141394443800056
2017-07-07,1.5077389043800056
2017-07-10,1.5131071643800056
2017-07-11,1.5115342143800055
2017-07-12,1.5076195643800054
2017-07-13,1.5021122943800054
2017-07-14,1.5156818643800054
2017-07-17,1.5164867943800053
2017-07-18,1.4812787043800053
2017-07-19,1.4872895843800054
2017-07-20,1.5195903943800055
2017-07-21,1.5217173343800057
2017-07-24,1.5196590343800056
2017-07-25,1.5229539943800054
2017-07-26,1.5142499243800054
2017-07-27,1.5151967143800054
2017-07-28,1.5271755443800055
2017-07-31,1.5241271743800053
2017-08-01,1.5404448043800052
2017-08-02,1.5466480659800057
2017-08-03,1.5410988759800057
2017-08-04,1.5359763759800058
2017-08-07,1.5342007059800058
2017-08-08,1.540600715980006
2017-08-09,1.543889715980006
2017-08-10,1.546683725980006
2017-08-11,1.538886315980006
2017-08-14,1.512310325980006
2017-08-15,1.538315885980006
2017-08-16,1.5370783159800059
2017-08-17,1.542961385980006
2017-08-18,1.550271375980006
2017-08-21,1.542103995980006
2017-08-22,1.548128905980006
2017-08-23,1.544368905980006
2017-08-24,1.541908265980006
2017-08-25,1.525721635980006
2017-08-28,1.5458559659800062
2017-08-29,1.5805761859800063
2017-08-30,1.5741502859800063
2017-08-31,1.5784403259800062
2017-09-01,1.5802705659800063
2017-09-04,1.5836389052200057
2017-09-05,1.5942684852200057
2017-09-06,1.5966515752200057
2017-09-07,1.5961083052200058
2017-09-08,1.5860378752200057
2017-09-11,1.5903601852200056
2017-09-12,1.5900666452200056
2017-09-13,1.5921828652200056
2017-09-14,1.5931772752200055
2017-09-15,1.5883791752200056
2017-09-18,1.5890855552200056
2017-09-19,1.5973279352200058
2017-09-20,1.5855199952200056
2017-09-21,1.5922776752200056
2017-09-22,1.5855079452200056
2017-09-25,1.5812359552200055
2017-09-26,1.5676529452200054
2017-09-27,1.5714394152200053
2017-09-28,1.5765502552200055
2017-09-29,1.5736206852200054
2017-10-09,1.5833406452200056
2017-10-10,1.5976219798800058
2017-10-11,1.603861409880006
2017-10-12,1.6052383598800062
2017-10-13,1.6074002198800064
2017-10-16,1.6127443498800065
2017-10-17,1.6028677098800066
2017-10-18,1.6071753698800066
2017-10-19,1.6131445098800066
2017-10-20,1.6037759298800065
2017-10-23,1.6104825298800065
2017-10-24,1.6156402798800065
2017-10-25,1.6224667298800064
2017-10-26,1.6311708798800066
2017-10-27,1.6300998598800067
2017-10-30,1.6307711498800066
2017-10-31,1.6153195398800066
2017-11-01,1.6212830098800066
2017-11-02,1.6150455646800068
2017-11-03,1.6155605646800069
2017-11-06,1.608957494680007
2017-11-07,1.620328994680007
2017-11-08,1.634238804680007
2017-11-09,1.6328266046800068
2017-11-10,1.638643834680007
2017-11-13,1.647325654680007
2017-11-14,1.659567264680007
2017-11-15,1.644897774680007
2017-11-16,1.635272794680007
2017-11-17,1.631737294680007
2017-11-20,1.624728344680007
2017-11-21,1.633396474680007
2017-11-22,1.650528364680007
2017-11-23,1.651356094680007
2017-11-24,1.608590744680007
2017-11-27,1.606216364680007
2017-11-28,1.5883797646800069
2017-11-29,1.5985878746800068
2017-11-30,1.5999058246800066
2017-12-01,1.5859850246800067
2017-12-04,1.593086349130007
2017-12-05,1.596232619130007
2017-12-06,1.5842995691300068
2017-12-07,1.5892278691300068
2017-12-08,1.5748778091300069
2017-12-11,1.5857112391300068
2017-12-12,1.612595919130007
2017-12-13,1.598123519130007
2017-12-14,1.6094962991300068
2017-12-15,1.5987861191300068
2017-12-18,1.5875383091300066
2017-12-19,1.5800867691300067
2017-12-20,1.5974214791300068
2017-12-21,1.5918568191300069
2017-12-22,1.605349909130007
2017-12-25,1.605784349130007
2017-12-26,1.5940118091300068
2017-12-27,1.595926269130007
2017-12-28,1.582337259130007
2017-12-29,1.5916317191300071
2018-01-02,1.5974127591300071
2018-01-03,1.6151238337000073
2018-01-04,1.6320960237000075
2018-01-05,1.6371079237000075
2018-01-08,1.6371815337000073
2018-01-09,1.6484334037000075
2018-01-10,1.6490249137000075
2018-01-11,1.6372815437000074
2018-01-12,1.6387175237000073
2018-01-15,1.6372480337000073
2018-01-16,1.6165426037000072
2018-01-17,1.6315988337000074
2018-01-18,1.6342768037000073
2018-01-19,1.6392253437000075
2018-01-22,1.6534680537000075
2018-01-23,1.6669697937000074
2018-01-24,1.6823562937000074
2018-01-25,1.6994115237000074
2018-01-26,1.7011100237000074
2018-01-29,1.7021945237000076
2018-01-30,1.6859037337000076
2018-01-31,1.6670391737000074
2018-02-01,1.6515392337000074
2018-02-02,1.6211642395400074
2018-02-05,1.6324239395400075
2018-02-06,1.6334252295400076
2018-02-07,1.5776275995400073
2018-02-08,1.5598752695400073
2018-02-09,1.5565436995400075
2018-02-12,1.4908640695400073
2018-02-13,1.5143280795400074
2018-02-14,1.5267876795400075
2018-02-22,1.5329494895400075
2018-02-23,1.5652402295400079
2018-02-26,1.5721542795400079
2018-02-27,1.599060299540008
2018-02-28,1.585088169540008
2018-03-01,1.5786998495400082
2018-03-02,1.5796813172700086
2018-03-05,1.5686908772700086
2018-03-06,1.5737103672700086
2018-03-07,1.5967491772700086
2018-03-08,1.5783005472700085
2018-03-09,1.5924745772700086
2018-03-12,1.6068308272700087
2018-03-13,1.6174749372700086
2018-03-14,1.6019717672700087
2018-03-15,1.5948099472700086
2018-03-16,1.5935763372700087
2018-03-19,1.5831830072700086
2018-03-20,1.5837959172700087
2018-03-21,1.5854159672700088
2018-03-22,1.5769116972700088
2018-03-23,1.5623972872700087
2018-03-26,1.5165936372700086
2018-03-27,1.5157482672700087
2018-03-28,1.5385350172700087
2018-03-29,1.5199533272700088
2018-03-30,1.5324218872700088
2018-04-02,1.543566327270009
2018-04-03,1.5333545904800088
2018-04-04,1.5246638704800086
2018-04-09,1.5211992904800087
2018-04-10,1.5220649704800087
2018-04-11,1.5422609804800087
2018-04-12,1.5446604504800088
2018-04-13,1.5328230604800088
2018-04-16,1.5257504904800088
2018-04-17,1.5101312904800086
2018-04-18,1.4905092204800086
2018-04-19,1.4971136004800085
2018-04-20,1.5067201604800085
2018-04-23,1.4830573404800083
2018-04-24,1.4766609404800082
2018-04-25,1.503166250480008
2018-04-26,1.5008448004800081
2018-04-27,1.4815021104800081
2018-05-02,1.4933670104800083
2018-05-03,1.4942538039500077
2018-05-04,1.508077053950008
2018-05-07,1.5026598239500077
2018-05-08,1.523529053950008
2018-05-09,1.534932613950008
2018-05-10,1.531056833950008
2018-05-11,1.5357933639500079
2018-05-14,1.5240577239500077
2018-05-15,1.5255366839500077
2018-05-16,1.5373350339500078
2018-05-17,1.5332239539500079
2018-05-18,1.5260912239500077
2018-05-21,1.540473463950008
2018-05-22,1.553325953950008
2018-05-23,1.549749223950008
2018-05-24,1.5310337339500077
2018-05-25,1.5227841039500079
2018-05-28,1.5205834839500079
2018-05-29,1.5206652139500076
2018-05-30,1.5105879639500075
2018-05-31,1.4771487139500075
2018-06-01,1.5011728139500078
2018-06-04,1.4855122749500076
2018-06-05,1.4921467949500078
2018-06-06,1.502310894950008
2018-06-07,1.5002604449500079
2018-06-08,1.4981901849500079
2018-06-11,1.4798038449500077
2018-06-12,1.4742110849500076
2018-06-13,1.4871577249500079
2018-06-14,1.473453354950008
2018-06-15,1.467197784950008
2018-06-19,1.454491284950008
2018-06-20,1.3994273949500078
2018-06-21,1.4071036449500076
2018-06-22,1.3896642349500075
2018-06-25,1.4022223649500076
2018-06-26,1.3834978349500076
2018-06-27,1.3776059149500075
2018-06-28,1.3612749049500075
2018-06-29,1.3540897149500075
2018-07-02,1.3869878849500077
2018-07-03,1.361453941820008
2018-07-04,1.3711803518200079
2018-07-05,1.351634471820008
2018-07-06,1.3304909918200079
2018-07-09,1.3334981418200078
2018-07-10,1.3663399118200077
2018-07-11,1.3727028118200078
2018-07-12,1.3499996118200077
2018-07-13,1.3795295318200078
2018-07-16,1.381092791820008
2018-07-17,1.375191321820008
2018-07-18,1.373757981820008
2018-07-19,1.370266791820008
2018-07-20,1.3652953318200078
2018-07-23,1.390788601820008
2018-07-24,1.403282891820008
2018-07-25,1.4227552218200081
2018-07-26,1.4195936018200082
2018-07-27,1.4035451818200082
2018-07-30,1.3954441318200081
2018-07-31,1.3854573818200082
2018-08-01,1.389233561820008
2018-08-02,1.3607880500500076
2018-08-03,1.3367277900500076
2018-08-06,1.3229382000500076
2018-08-07,1.2966522400500076
2018-08-08,1.3334683900500077
2018-08-09,1.3116373500500076
2018-08-10,1.3362363200500078
2018-08-13,1.3405572100500078
2018-08-14,1.3362962000500078
2018-08-15,1.3296997100500079
2018-08-16,1.3022277800500077
2018-08-17,1.2941742900500077
2018-08-20,1.2729667800500075
2018-08-21,1.2825177200500075
2018-08-22,1.3004027600500077
2018-08-23,1.2926958600500076
2018-08-24,1.2983905600500074
2018-08-27,1.3018237800500074
2018-08-28,1.3334826400500075
2018-08-29,1.3365868300500074
2018-08-30,1.3324584600500073
2018-08-31,1.3184299300500073
2018-09-03,1.3123084000500074
2018-09-04,1.3050395964600074
2018-09-05,1.3158916564600074
2018-09-06,1.2951061564600073
2018-09-07,1.2819589464600072
2018-09-10,1.2832483364600071
2018-09-11,1.263547096460007
2018-09-12,1.2632150164600071
2018-09-13,1.262866466460007
2018-09-14,1.2755866164600071
2018-09-17,1.2691444864600072
2018-09-18,1.2517506464600072
2018-09-19,1.2733414864600072
2018-09-20,1.2893974264600074
2018-09-21,1.2900114064600074
2018-09-25,1.3262813164600076
2018-09-26,1.3154955364600076
2018-09-27,1.3301692764600075
2018-09-28,1.3214439264600073
2018-10-08,1.3343583264600074
2018-10-09,1.2815129430400074
2018-10-10,1.2807520030400075
2018-10-11,1.2769116930400075
2018-10-12,1.2011237130400072
2018-10-15,1.2065152930400074
2018-10-16,1.1847394030400074
2018-10-17,1.1609377030400072
2018-10-18,1.1659351430400073
2018-10-19,1.1356605530400072
2018-10-22,1.1701366030400076
2018-10-23,1.234547833040008
2018-10-24,1.2107850730400078
2018-10-25,1.2078437430400077
2018-10-26,1.2131009930400078
2018-10-29,1.2086476630400078
2018-10-30,1.1841694930400077
2018-10-31,1.202855083040008
2018-11-01,1.2186561630400081
2018-11-02,1.233921012920008
2018-11-05,1.2712167429200083
2018-11-06,1.2690039529200083
2018-11-07,1.2656156829200083
2018-11-08,1.2550131929200081
2018-11-09,1.2468916729200081
2018-11-12,1.2388911229200081
2018-11-13,1.2603175329200083
2018-11-14,1.2755028729200084
2018-11-15,1.2661388429200084
2018-11-16,1.2829689729200084
2018-11-19,1.2899961129200084
2018-11-20,1.2993212429200083
2018-11-21,1.270155572920008
2018-11-22,1.273350892920008
2018-11-23,1.270268922920008
2018-11-26,1.2334633629200078
2018-11-27,1.229704952920008
2018-11-28,1.230581642920008
2018-11-29,1.2487722829200083
2018-11-30,1.2289914329200082
2018-12-03,1.2389839529200082
2018-12-04,1.2754890731800081
2018-12-05,1.275399863180008
2018-12-06,1.268023563180008
2018-12-07,1.240309003180008
2018-12-10,1.2437835231800078
2018-12-11,1.2326985031800077
2018-12-12,1.2397876231800078
2018-12-13,1.242514443180008
2018-12-14,1.256659293180008
2018-12-17,1.2370161331800078
2018-12-18,1.2343355931800077
2018-12-19,1.2253494731800076
2018-12-20,1.2120427531800075
2018-12-21,1.2098776131800075
2018-12-24,1.1981926831800076
2018-12-25,1.2046553131800075
2018-12-26,1.1937917331800074
2018-12-27,1.1877675131800074
2018-12-28,1.1813254731800074
2019-01-02,1.1885552231800074
2019-01-03,1.175660436740007
2019-01-04,1.168600436740007
2019-01-07,1.194866456740007
2019-01-08,1.210333846740007
2019-01-09,1.2077159367400072
2019-01-10,1.2142830867400074
2019-01-11,1.2077541167400074
2019-01-14,1.2148601067400076
2019-01-15,1.2095328667400076
2019-01-16,1.2264081567400076
2019-01-17,1.2263988967400075
2019-01-18,1.2197344767400073
2019-01-21,1.2375635567400074
2019-01-22,1.2441139467400075
2019-01-23,1.2303543367400074
2019-01-24,1.2313519267400073
2019-01-25,1.2383416467400072
2019-01-28,1.2402376367400072
2019-01-29,1.2412548667400072
2019-01-30,1.2379271167400072
2019-01-31,1.228091836740007
2019-02-01,1.226887366740007
2019-02-11,1.248538590970007
2019-02-12,1.275628490970007
2019-02-13,1.289249780970007
2019-02-14,1.3124337809700073
2019-02-15,1.3178274109700072
2019-02-18,1.3020527009700071
2019-02-19,1.3437178109700072
2019-02-20,1.3405992209700073
2019-02-21,1.3423581409700072
2019-02-22,1.3379599409700074
2019-02-25,1.3624640209700074
2019-02-26,1.436683520970008
2019-02-27,1.430449970970008
2019-02-28,1.423825390970008
2019-03-01,1.4283244109700082
2019-03-04,1.4449532507700082
2019-03-05,1.4685675507700082
2019-03-06,1.4908410107700083
2019-03-07,1.5150409507700084
2019-03-08,1.5212743107700084
2019-03-11,1.454808790770008
2019-03-12,1.4889165707700083
2019-03-13,1.5047954407700082
2019-03-14,1.4786037707700082
2019-03-15,1.449739050770008
2019-03-18,1.468177040770008
2019-03-19,1.5065461307700083
2019-03-20,1.5049140407700083
2019-03-21,1.5006520507700083
2019-03-22,1.5068692607700083
2019-03-25,1.5096721207700083
2019-03-26,1.480975100770008
2019-03-27,1.450822360770008
2019-03-28,1.4567680207700078
2019-03-29,1.4451278807700079
2019-04-01,1.499756060770008
2019-04-02,1.5506918127000087
2019-04-03,1.5495352827000086
2019-04-04,1.5738210627000087
2019-04-08,1.5897640227000085
2019-04-09,1.5796966627000084
2019-04-10,1.5781036927000085
2019-04-11,1.5796137727000086
2019-04-12,1.5510943527000083
2019-04-15,1.5446653927000082
2019-04-16,1.5318368427000082
2019-04-17,1.5649502027000084
2019-04-18,1.5740182427000085
2019-04-19,1.5684803227000086
2019-04-22,1.5789619027000086
2019-04-23,1.5525873627000086
2019-04-24,1.5393402227000086
2019-04-25,1.5475382527000086
2019-04-26,1.5152574327000083
2019-04-29,1.4941131127000082
2019-04-30,1.468779622700008
2019-05-06,1.4808787627000082
2019-05-07,1.380388086150007
2019-05-08,1.388964546150007
2019-05-09,1.375892006150007
2019-05-10,1.352205966150007
2019-05-13,1.3918205361500071
2019-05-14,1.364499566150007
2019-05-15,1.355833456150007
2019-05-16,1.379948066150007
2019-05-17,1.396598426150007
2019-05-20,1.3552783161500068
2019-05-21,1.3488891661500069
2019-05-22,1.370957476150007
2019-05-23,1.362297376150007
2019-05-24,1.339932196150007
2019-05-27,1.3378388261500072
2019-05-28,1.3616446161500073
2019-05-29,1.3704196061500076
2019-05-30,1.3647639261500075
2019-05-31,1.3557903261500075
2019-06-03,1.3555704261500077
2019-06-04,1.3493903684500081
2019-06-05,1.335324188450008
2019-06-06,1.336956408450008
2019-06-10,1.3192979084500078
2019-06-11,1.332808958450008
2019-06-12,1.3755687584500083
2019-06-13,1.3679177984500082
2019-06-14,1.3656628084500082
2019-06-17,1.352485898450008
2019-06-18,1.3509801684500082
2019-06-19,1.351641348450008
2019-06-20,1.3684583384500082
2019-06-21,1.4035120584500083
2019-06-24,1.4151431184500083
2019-06-25,1.4147284184500084
2019-06-26,1.4054684584500083
2019-06-27,1.4050462484500084
2019-06-28,1.4188776884500085
2019-07-01,1.4105757784500084
2019-07-02,1.447090175800009
2019-07-03,1.4471829858000091
2019-07-04,1.438569885800009
2019-07-05,1.4328972958000092
2019-07-08,1.4344266558000094
2019-07-09,1.4002590958000092
2019-07-10,1.4012913058000092
2019-07-11,1.394398785800009
2019-07-12,1.395883055800009
2019-07-15,1.401614985800009
2019-07-16,1.4135889658000091
2019-07-17,1.415330205800009
2019-07-18,1.415393705800009
2019-07-19,1.395891365800009
2019-07-22,1.411796605800009
2019-07-23,1.389994655800009
2019-07-24,1.402526185800009
2019-07-25,1.4137177458000092
2019-07-26,1.4213759658000091
2019-07-29,1.424083135800009
2019-07-30,1.420604345800009
2019-07-31,1.4293162358000089
2019-08-01,1.4205686558000088
2019-08-02,1.4067765402100092
2019-08-05,1.389231030210009
2019-08-06,1.3618415302100089
2019-08-07,1.3427149402100087
2019-08-08,1.3368969002100086
2019-08-09,1.3516715202100087
2019-08-12,1.3349337302100086
2019-08-13,1.3541700102100087
2019-08-14,1.3473684802100088
2019-08-15,1.3525057802100087
2019-08-16,1.3561738102100085
2019-08-19,1.3601302402100086
2019-08-20,1.3958510702100086
2019-08-21,1.3926628802100085
2019-08-22,1.3865371502100086
2019-08-23,1.3873202802100086
2019-08-26,1.3908940002100088
2019-08-27,1.3702152102100087
2019-08-28,1.3879979102100088
2019-08-29,1.383840980210009
2019-08-30,1.3766962102100089
2019-09-02,1.371580370210009
2019-09-03,1.3981186188800083
2019-09-04,1.4041781288800084
2019-09-05,1.4185633688800086
2019-09-06,1.4337963488800087
2019-09-09,1.4422162088800088
2019-09-10,1.4611031888800088
2019-09-11,1.4584043188800089
2019-09-12,1.4499304888800089
2019-09-16,1.4621410188800088
2019-09-17,1.4603754288800088
2019-09-18,1.4263039788800087
2019-09-19,1.4296848488800087
2019-09-20,1.439499248880009
2019-09-23,1.445493958880009
2019-09-24,1.430872938880009
2019-09-25,1.431464568880009
2019-09-26,1.4097186388800087
2019-09-27,1.3899641088800085
2019-09-30,1.3981209188800086
2019-10-08,1.3830096288800084
2019-10-09,1.3805593999800092
2019-10-10,1.3888112799800092
2019-10-11,1.4020747199800092
2019-10-14,1.4041771699800092
2019-10-15,1.419871129980009
2019-10-16,1.407136049980009
2019-10-17,1.4003590999800088
2019-10-18,1.3967760599800088
2019-10-21,1.3798416699800087
2019-10-22,1.3812567299800085
2019-10-23,1.3914447399800087
2019-10-24,1.3799721999800088
2019-10-25,1.3794424599800088
2019-10-28,1.395324649980009
2019-10-29,1.412848569980009
2019-10-30,1.401082639980009
2019-10-31,1.3905804699800088
2019-11-01,1.3873305399800089
2019-11-04,1.3964722614500094
2019-11-05,1.4087827714500094
2019-11-06,1.4169811314500096
2019-11-07,1.4090843514500095
2019-11-08,1.4120208414500095
2019-11-11,1.4030050414500095
2019-11-12,1.3747313614500094
2019-11-13,1.3771383014500094
2019-11-14,1.3715550314500093
2019-11-15,1.3759282414500096
2019-11-18,1.3633571914500096
2019-11-19,1.3768842714500096
2019-11-20,1.3973083314500097
2019-11-21,1.3855598514500096
2019-11-22,1.3803356514500096
2019-11-25,1.3755516914500097
2019-11-26,1.3831489614500097
2019-11-27,1.3930687814500098
2019-11-28,1.3878741114500097
2019-11-29,1.3826255014500097
2019-12-02,1.3789769114500097
2019-12-03,1.3789358705700094
2019-12-04,1.3821132005700096
2019-12-05,1.3776276405700096
2019-12-06,1.3893819005700097
2019-12-09,1.3931394105700097
2019-12-10,1.3938155705700097
2019-12-11,1.3977122305700098
2019-12-12,1.3962871505700096
2019-12-13,1.3940656705700096
2019-12-16,1.4155442005700096
2019-12-17,1.4285842005700096
2019-12-18,1.4478282805700096
2019-12-19,1.4454262705700096
2019-12-20,1.4432166505700095
2019-12-23,1.4345177605700095
2019-12-24,1.4139303605700095
2019-12-25,1.4277310405700097
2019-12-26,1.4264754505700097
2019-12-27,1.4418712205700097
2019-12-30,1.4354323305700096
2019-12-31,1.4599696205700097
2020-01-02,1.4689034105700098
2020-01-03,1.48728114996001
2020-01-06,1.4888589199600102
2020-01-07,1.4886474399600103
2020-01-08,1.4964632399600102
2020-01-09,1.47717837996001
2020-01-10,1.5001674499600102
2020-01-13,1.5037881699600102
2020-01-14,1.5176108699600102
2020-01-15,1.5170000999600102
2020-01-16,1.5069730299600101
2020-01-17,1.50300467996001
2020-01-20,1.5035000899600102
2020-01-21,1.5162815899600102
2020-01-22,1.49471273996001
2020-01-23,1.5032164799600098
2020-02-03,1.4598965899600096
2020-02-04,1.3388666363800086
2020-02-05,1.3573332963800087
2020-02-06,1.3751580163800088
2020-02-07,1.406087716380009
2020-02-10,1.415208506380009
2020-02-11,1.423184276380009
2020-02-12,1.4245463163800092
2020-02-13,1.4403757863800093
2020-02-14,1.4362559363800091
2020-02-17,1.4446120163800091
2020-02-18,1.4894142363800094
2020-02-19,1.4912569963800093
2020-02-20,1.4920140963800093
2020-02-21,1.5195382163800095
2020-02-24,1.5339711463800094
2020-02-25,1.5404907663800094
2020-02-26,1.5381939363800092
2020-02-27,1.508118556380009
2020-02-28,1.5083367663800091
2020-03-02,1.444332296380009
2020-03-03,1.4961487753600091
2020-03-04,1.499340165360009
2020-03-05,1.5148943753600088
2020-03-06,1.5437277153600089
2020-03-09,1.5209962653600089
2020-03-10,1.4737356053600086
2020-03-11,1.5018390953600087
2020-03-12,1.4837543253600085
2020-03-13,1.4605764553600085
2020-03-16,1.4451165553600085
2020-03-17,1.3943039753600082
2020-03-18,1.3888109853600081
2020-03-19,1.359274685360008
2020-03-20,1.351870825360008
2020-03-23,1.372165585360008
2020-03-24,1.3207964453600076
2020-03-25,1.3494159453600079
2020-03-26,1.383955705360008
2020-03-27,1.373206145360008
2020-03-30,1.375197145360008
2020-03-31,1.364067935360008
2020-04-01,1.356152795360008
2020-04-02,1.3507744356900078
2020-04-03,1.3757147756900079
2020-04-07,1.367002395690008
2020-04-08,1.394560495690008
2020-04-09,1.393941465690008
2020-04-10,1.400131455690008
2020-04-13,1.3791299956900078
2020-04-14,1.3683639756900077
2020-04-15,1.393375025690008
2020-04-16,1.3881643956900078
2020-04-17,1.391677065690008
2020-04-20,1.3976934556900078
2020-04-21,1.4031025356900078
2020-04-22,1.3876316156900077
2020-04-23,1.3957943356900078
2020-04-24,1.3907432556900077
2020-04-27,1.3730123156900076
2020-04-28,1.3762002056900076
2020-04-29,1.3764257056900073
2020-04-30,1.3822361956900073
2020-05-06,1.4109437756900074
2020-05-07,1.4174607003300073
2020-05-08,1.4095116103300074
2020-05-11,1.4220968503300073
2020-05-12,1.4194699903300074
2020-05-13,1.4196140103300074
2020-05-14,1.4185962703300075
2020-05-15,1.4018473703300074
2020-05-18,1.4003696003300072
2020-05-19,1.3954326403300072
2020-05-20,1.4075723603300072
2020-05-21,1.3976478103300072
2020-05-22,1.3830870903300072
2020-05-25,1.356159110330007
2020-05-26,1.350714700330007
2020-05-27,1.3658883903300072
2020-05-28,1.3629755903300071
2020-05-29,1.362821750330007
2020-06-01,1.3681247203300073
2020-06-02,1.4004374453500077
2020-06-03,1.4024336053500077
2020-06-04,1.403509505350008
2020-06-05,1.402206195350008
2020-06-08,1.407152485350008
2020-06-09,1.4133236853500077
2020-06-10,1.4232577053500077
2020-06-11,1.4213182053500077
2020-06-12,1.4096183953500079
2020-06-15,1.4097160853500077
2020-06-16,1.3954693653500077
2020-06-17,1.4123790253500077
2020-06-18,1.4152290253500077
2020-06-19,1.4179957553500075
2020-06-22,1.4325864853500077
2020-06-23,1.4364582553500078
2020-06-24,1.445383035350008
2020-06-29,1.450582745350008
2020-06-30,1.4361604053500079
2020-07-01,1.458001465350008
2020-07-02,1.4819315435300082
2020-07-03,1.5168878535300083
2020-07-06,1.5559604935300084
2020-07-07,1.6406170335300085
2020-07-08,1.6452396835300085
2020-07-09,1.6878770435300088
2020-07-10,1.722496513530009
2020-07-13,1.697526483530009
2020-07-14,1.7451302735300094
2020-07-15,1.7298634335300094
2020-07-16,1.6964213535300092
2020-07-17,1.607318333530009
2020-07-20,1.609611123530009
2020-07-21,1.6726463635300095
2020-07-22,1.6747893235300093
2020-07-23,1.6807450835300095
2020-07-24,1.6831575035300095
2020-07-27,1.602199733530009
2020-07-28,1.618099013530009
2020-07-29,1.624883453530009
2020-07-30,1.6745231735300092
2020-07-31,1.6778647335300092
2020-08-03,1.7052170235300093
2020-08-04,1.7459543113100089
2020-08-05,1.749225471310009
2020-08-06,1.7588490413100093
2020-08-07,1.7672428313100093
2020-08-10,1.749763311310009
2020-08-11,1.759445631310009
2020-08-12,1.736489451310009
2020-08-13,1.722436371310009
2020-08-14,1.719943661310009
2020-08-17,1.750159811310009
2020-08-18,1.7941566013100092
2020-08-19,1.7919288413100092
2020-08-20,1.7755694113100091
2020-08-21,1.752537481310009
2020-08-24,1.7647625213100089
2020-08-25,1.7755974713100091
2020-08-26,1.767848311310009
2020-08-27,1.7426580813100088
2020-08-28,1.750938101310009
2020-08-31,1.790326451310009
2020-09-01,1.786669021310009
2020-09-02,1.7909925484400093
2020-09-03,1.7890545884400093
2020-09-04,1.7785762384400092
2020-09-07,1.7730803184400092
2020-09-08,1.7369979184400093
2020-09-09,1.7510729684400093
2020-09-10,1.7133769184400092
2020-09-11,1.7073369884400091
2020-09-14,1.717161858440009
2020-09-15,1.7246758484400093
2020-09-16,1.7412131984400097
2020-09-17,1.7376201184400097
2020-09-18,1.7320481184400096
2020-09-21,1.7672389084400095
2020-09-22,1.7589669684400095
2020-09-23,1.7381548284400095
2020-09-24,1.7445559484400095
2020-09-25,1.7095395484400093
2020-09-28,1.7109128984400093
2020-09-29,1.7064283684400092
2020-09-30,1.7100968684400095
2020-10-09,1.7076171284400097
2020-10-12,1.7427620542700095
2020-10-13,1.7885060642700097
2020-10-14,1.7975829542700097
2020-10-15,1.7805940442700097
2020-10-16,1.7714881642700098
2020-10-19,1.7611998342700097
2020-10-20,1.7437189442700096
2020-10-21,1.7640111542700099
2020-10-22,1.7586481342700098
2020-10-23,1.7597063042700098
2020-10-26,1.7415569942700098
2020-10-27,1.7351939242700096
2020-10-28,1.7356710342700095
2020-10-29,1.7427162142700094
2020-10-30,1.7500291442700096
2020-11-02,1.7222616842700094
2020-11-03,1.721076390930009
2020-11-04,1.7495164309300093
2020-11-05,1.7561665409300091
2020-11-06,1.7842683309300091
2020-11-09,1.7829343609300092
2020-11-10,1.8156332109300093
2020-11-11,1.7948846009300092
2020-11-12,1.7840630709300092
2020-11-13,1.7879769609300091
2020-11-16,1.781033450930009
2020-11-17,1.802312920930009
2020-11-18,1.8062192709300091
2020-11-19,1.8074392109300093
2020-11-20,1.8207153309300093
2020-11-23,1.833726850930009
2020-11-24,1.845608950930009
2020-11-25,1.836377370930009
2020-11-26,1.8136562609300089
2020-11-27,1.8164359809300088
2020-11-30,1.844139530930009
2020-12-01,1.844761680930009
2020-12-02,1.8741375193400092
2020-12-03,1.874669479340009
2020-12-04,1.8649483493400092
2020-12-07,1.867242169340009
2020-12-08,1.8490433893400091
2020-12-09,1.8507771493400087
2020-12-10,1.8205119693400085
2020-12-11,1.8117779293400087
2020-12-14,1.7920324993400085
2020-12-15,1.804270749340008
2020-12-16,1.8092907693400082
2020-12-17,1.807362729340008
2020-12-18,1.8339363993400082
2020-12-21,1.8319321893400082
2020-12-22,1.8569910493400081
2020-12-23,1.825605669340008
2020-12-24,1.8483839593400087
2020-12-25,1.8357637893400083
2020-12-28,1.8565224193400083
2020-12-29,1.861441139340008
2020-12-30,1.857969279340008
2020-12-31,1.8761575593400082
2021-01-04,1.9091395293400082
2021-01-05,1.9307665994100083
2021-01-06,1.9570503394100085
2021-01-07,1.9541737594100086
2021-01-08,1.9597678794100084
2021-01-11,1.9588540294100083
2021-01-12,1.9348054294100083
2021-01-13,1.9653075594100085
2021-01-14,1.9628871294100085
2021-01-15,1.9409832194100083
2021-01-18,1.9291022494100083
2021-01-19,1.9506719894100084
2021-01-20,1.9396581294100084
2021-01-21,1.9430458394100083
2021-01-22,1.9721404894100083
2021-01-25,1.9533151594100084
2021-01-26,1.9513638194100085
2021-01-27,1.9264401094100083
2021-01-28,1.932466419410008
2021-01-29,1.8897586094100078
2021-02-01,1.8747928894100077
2021-02-02,1.8813899823100078
2021-02-03,1.9068889323100078
2021-02-04,1.898992832310008
2021-02-05,1.880416022310008
2021-02-08,1.8738967623100076
2021-02-09,1.8945010823100077
2021-02-10,1.925532232310008
2021-02-18,1.9523507223100078
2021-02-19,1.9565773023100077
2021-02-22,1.9788109223100083
2021-02-23,1.9556428023100083
2021-02-24,1.9491335523100082
2021-02-25,1.9249954223100083
2021-02-26,1.9367756923100081
2021-03-01,1.8981609823100078
2021-03-02,1.9259170247700077
2021-03-03,1.9076306347700076
2021-03-04,1.9415125247700078
2021-03-05,1.8976801847700078
2021-03-08,1.9051038447700077
2021-03-09,1.8600512847700077
2021-03-10,1.8241615247700076
2021-03-11,1.8220425547700074
2021-03-12,1.8636724647700074
2021-03-15,1.8746759347700073
2021-03-16,1.847739774770007
2021-03-17,1.8652001447700073
2021-03-18,1.8663641447700072
2021-03-19,1.8783703647700072
2021-03-22,1.842235164770007
2021-03-23,1.862527284770007
2021-03-24,1.8428379747700068
2021-03-25,1.8164405247700068
2021-03-26,1.8172299247700068
2021-03-29,1.8531023747700066
2021-03-30,1.8516193347700067
2021-03-31,1.8567283447700067
2021-04-01,1.8525499847700067
2021-04-02,1.868469927820006
2021-04-06,1.8817675778200063
2021-04-07,1.8784448878200064
2021-04-08,1.8762900178200064
2021-04-09,1.8789554178200063
2021-04-12,1.8605755978200063
2021-04-13,1.8289177878200062
2021-04-14,1.8233962378200061
2021-04-15,1.8473327078200061
2021-04-16,1.840447067820006
2021-04-19,1.855758307820006
2021-04-20,1.893009447820006
2021-04-21,1.886639597820006
2021-04-22,1.8933788178200062
2021-04-23,1.893595817820006
2021-04-26,1.8977813578200062
2021-04-27,1.8816392278200063
2021-04-28,1.8803918678200062
2021-04-29,1.9044103078200063
2021-04-30,1.9250187378200065
2021-05-06,1.9176229278200065
2021-05-07,1.9015559054700066
2021-05-10,1.8824402754700067
2021-05-11,1.8791675654700066
2021-05-12,1.8851044254700067
2021-05-13,1.8896419254700065
2021-05-14,1.8757797154700064
2021-05-17,1.9186623954700066
2021-05-18,1.9378249954700069
2021-05-19,1.9379016954700068
2021-05-20,1.9356482154700068
2021-05-21,1.9354085054700068
2021-05-24,1.9228705354700066
2021-05-25,1.9347587554700065
2021-05-26,1.9715267854700067
2021-05-27,1.9746970254700067
2021-05-28,1.993741805470007
2021-05-31,1.9816312854700069
2021-06-01,1.9911167554700069
2021-06-02,1.9853458004000062
2021-06-03,1.9640019504000061
2021-06-04,1.9590151404000062
2021-06-07,1.966732950400006
2021-06-08,1.9692082704000058
2021-06-09,1.9651137004000059
2021-06-10,1.962839380400006
2021-06-11,1.967459770400006
2021-06-15,1.9401525604000058
2021-06-16,1.9168585204000057
2021-06-17,1.8990073904000055
2021-06-18,1.9043646904000053
2021-06-21,1.9161514104000053
2021-06-22,1.9208634904000053
2021-06-23,1.932826080400005
2021-06-24,1.949372320400005
2021-06-25,1.947951160400005
2021-06-28,1.9698670504000049
2021-06-29,1.9770879104000048
2021-06-30,1.9554004304000048
2021-07-01,1.9650274204000049
2021-07-02,1.9586086201200046
2021-07-05,1.9276944301200045
2021-07-06,1.9281461501200048
2021-07-07,1.9313839601200047
2021-07-08,1.9504824801200047
2021-07-09,1.9321910401200046
2021-07-12,1.9273273301200045
2021-07-13,1.9382249701200043
2021-07-14,1.9404140101200043
2021-07-15,1.9267549301200044
2021-07-16,1.9431772401200045
2021-07-19,1.9359333601200044
2021-07-20,1.9369590301200046
2021-07-21,1.9376203001200045
2021-07-22,1.9440523101200047
2021-07-23,1.9429969901200048
2021-07-26,1.9164361801200047
2021-07-27,1.8745811301200046
2021-07-28,1.8483763001200044
2021-07-29,1.8420368101200044
2021-07-30,1.8660776601200044
2021-08-02,1.8513789201200044
2021-08-03,1.9003894537400046
2021-08-04,1.9095818437400043
2021-08-05,1.9202092237400044
2021-08-06,1.9142001137400042
2021-08-09,1.9016263537400042
2021-08-10,1.9341285037400044
2021-08-11,1.9502051237400047
2021-08-12,1.9411363837400046
2021-08-13,1.9378074937400047
2021-08-16,1.9254471237400046
2021-08-17,1.9387273137400045
2021-08-18,1.9116501237400043
2021-08-19,1.9401917937400044
2021-08-20,1.9267756737400044
2021-08-23,1.9017015937400044
2021-08-24,1.9266062637400043
2021-08-25,1.9373780137400043
2021-08-26,1.9418392237400042
2021-08-27,1.9154417137400042
2021-08-30,1.9133751837400041
2021-08-31,1.899266093740004
2021-09-01,1.9057662437400043
2021-09-02,1.9383672586100047
2021-09-03,1.9406125986100047
2021-09-06,1.9407646086100045
2021-09-07,1.976850668610005
2021-09-08,1.9939805186100048
2021-09-09,2.004130488610005
2021-09-10,2.000598668610005
2021-09-13,1.9994547986100049
2021-09-14,1.9965945986100049
2021-09-15,1.9641558786100048
2021-09-16,1.9525646686100047
2021-09-17,1.9286294186100046
2021-09-22,1.9408409986100044
2021-09-23,1.9378850486100043
2021-09-24,1.9562790986100043
2021-09-27,1.9493888386100042
2021-09-28,1.9412319186100042
2021-09-29,1.9454468186100042
2021-09-30,1.9169261486100042
2021-10-08,1.932162738610004
2021-10-11,1.958392000260004
2021-10-12,1.956796390260004
2021-10-13,1.930119580260004
2021-10-14,1.936974600260004
2021-10-15,1.923317520260004
2021-10-18,1.919700050260004
2021-10-19,1.909242070260004
2021-10-20,1.9381725002600039
2021-10-21,1.9236333402600039
2021-10-22,1.9274130002600038
2021-10-25,1.932755120260004
2021-10-26,1.9344388002600041
2021-10-27,1.930071260260004
2021-10-28,1.907637120260004
2021-10-29,1.893458360260004
2021-11-01,1.9146982402600041
2021-11-02,1.9172806038300043
2021-11-03,1.9020771338300042
2021-11-04,1.9085976938300042
2021-11-05,1.9216084038300045
2021-11-08,1.9150332738300044
2021-11-09,1.9085210538300046
2021-11-10,1.9079806538300046
2021-11-11,1.9076899538300045
2021-11-12,1.9397916038300045
2021-11-15,1.9352578138300045
2021-11-16,1.9419991138300046
2021-11-17,1.9399330838300046
2021-11-18,1.9460971538300047
2021-11-19,1.9277191538300047
2021-11-22,1.9517180538300047
2021-11-23,1.9504178938300047
2021-11-24,1.9549956838300047
2021-11-25,1.9558534438300048
2021-11-26,1.9475947938300049
2021-11-29,1.9280343238300048
2021-11-30,1.9134331438300047
2021-12-01,1.9130532438300047
2021-12-02,1.9236120808900048
2021-12-03,1.926218430890005
2021-12-06,1.9416294108900052
2021-12-07,1.9371768808900052
2021-12-08,1.959449270890005
2021-12-09,1.983816670890005
2021-12-10,2.016511110890005
2021-12-13,2.000233500890005
2021-12-14,2.012622910890005
2021-12-15,1.996909650890005
2021-12-16,1.9823218808900052
2021-12-17,1.9942908308900054
2021-12-20,1.9754993308900053
2021-12-21,1.9504850808900052
2021-12-22,1.969547440890005
2021-12-23,1.9778145508900051
2021-12-24,1.9797600608900052
2021-12-27,1.9731396008900053
2021-12-28,1.9955676408900056
2021-12-29,1.9987395508900054
2021-12-30,1.9892500308900054
2021-12-31,1.9984955808900056
